Date,Price
2021/12/31,458
2021/12/30,460.46
2021/12/29,462.98
2021/12/28,462.63
2021/12/27,466.02
2021/12/26,466.02
2021/12/25,466.02
2021/12/24,466.02
2021/12/23,456.48
2021/12/22,454.12
2021/12/21,448.89
2021/12/20,436.4
2021/12/19,436.4
2021/12/18,436.4
2021/12/17,442.13
2021/12/16,443.49
2021/12/15,458.21
2021/12/14,445.8
2021/12/13,452.87
2021/12/12,452.87
2021/12/11,452.87
2021/12/10,460.36
2021/12/9,452.56
2021/12/8,458.84
2021/12/7,455.64
2021/12/6,439.47
2021/12/5,439.47
2021/12/4,439.47
2021/12/3,436.01
2021/12/2,444.25
2021/12/1,439.36
2021/11/30,447.7
2021/11/29,452.14
2021/11/28,452.14
2021/11/27,452.14
2021/11/26,442.2
2021/11/25,442.2
2021/11/24,452.5
2021/11/23,448.88
2021/11/22,450.37
2021/11/21,450.37
2021/11/20,450.37
2021/11/19,457.48
2021/11/18,454.95
2021/11/17,451.34
2021/11/16,453.52
2021/11/15,448.77
2021/11/14,448.77
2021/11/13,448.77
2021/11/12,449.5
2021/11/11,443.97
2021/11/10,441.56
2021/11/9,449.95
2021/11/8,451.26
2021/11/7,451.26
2021/11/6,451.26
2021/11/5,448.06
2021/11/4,446.66
2021/11/3,440.27
2021/11/2,437.77
2021/11/1,434.8
2021/10/31,434.8
2021/10/30,434.8
2021/10/29,434.06
2021/10/28,432.58
2021/10/27,427.78
2021/10/26,429.32
2021/10/25,428.69
2021/10/24,428.69
2021/10/23,428.69
2021/10/22,426.95
2021/10/21,428.99
2021/10/20,426.57
2021/10/19,427.72
2021/10/18,423.88
2021/10/17,423.88
2021/10/16,423.88
2021/10/15,419.9
2021/10/14,417.11
2021/10/13,408.11
2021/10/12,404.69
2021/10/11,405.67
2021/10/10,405.67
2021/10/9,405.67
2021/10/8,407.78
2021/10/7,409.65
2021/10/6,405.72
2021/10/5,402.65
2021/10/4,396.95
2021/10/3,396.95
2021/10/2,396.95
2021/10/1,407.11
2021/9/30,401.45
2021/9/29,403.49
2021/9/28,405.46
2021/9/27,418.34
2021/9/26,418.34
2021/9/25,418.34
2021/9/24,422.68
2021/9/23,422.9
2021/9/22,417.13
2021/9/21,411.06
2021/9/20,410.89
2021/9/19,410.89
2021/9/18,410.89
2021/9/17,419
2021/9/16,424.58
2021/9/15,423.81
2021/9/14,420.09
2021/9/13,420.75
2021/9/12,420.75
2021/9/11,420.75
2021/9/10,420.67
2021/9/9,424.85
2021/9/8,426.36
2021/9/7,428.86
2021/9/6,428.86
2021/9/5,428.86
2021/9/4,428.86
2021/9/3,429.38
2021/9/2,427.18
2021/9/1,426.77
2021/8/31,426.46
2021/8/30,429.37
2021/8/29,429.37
2021/8/28,429.37
2021/8/27,425.06
2021/8/26,420.24
2021/8/25,422.75
2021/8/24,422.67
2021/8/23,422
2021/8/22,422
2021/8/21,422
2021/8/20,416.39
2021/8/19,411.23
2021/8/18,407.81
2021/8/17,413.14
2021/8/16,416.83
2021/8/15,416.83
2021/8/14,416.83
2021/8/13,416.03
2021/8/12,414.29
2021/8/11,411.88
2021/8/10,412.23
2021/8/9,415.6
2021/8/8,415.6
2021/8/7,415.6
2021/8/6,416.42
2021/8/5,417.21
2021/8/4,414.61
2021/8/3,413.64
2021/8/2,411.17
2021/8/1,411.17
2021/7/31,411.17
2021/7/30,412.11
2021/7/29,412.73
2021/7/28,410.74
2021/7/27,410.19
2021/7/26,414.77
2021/7/25,414.77
2021/7/24,414.77
2021/7/23,414.8
2021/7/22,410.75
2021/7/21,408.06
2021/7/20,403.84
2021/7/19,397.2
2021/7/18,397.2
2021/7/17,397.2
2021/7/16,402.16
2021/7/15,405.89
2021/7/14,409.54
2021/7/13,407.88
2021/7/12,406.94
2021/7/11,406.94
2021/7/10,406.94
2021/7/9,407.1
2021/7/8,403.08
2021/7/7,407.19
2021/7/6,405.69
2021/7/5,405.69
2021/7/4,405.69
2021/7/3,405.69
2021/7/2,403.69
2021/7/1,398.86
2021/6/30,398.81
2021/6/29,399.96
2021/6/28,397.38
2021/6/27,397.38
2021/6/26,397.38
2021/6/25,392.95
2021/6/24,393.32
2021/6/23,391.02
2021/6/22,391.26
2021/6/21,387.67
2021/6/20,387.67
2021/6/19,387.67
2021/6/18,383.71
2021/6/17,387.18
2021/6/16,382.18
2021/6/15,383.64
2021/6/14,386.5
2021/6/13,386.5
2021/6/12,386.5
2021/6/11,382.47
2021/6/10,379.92
2021/6/9,376.56
2021/6/8,376.8
2021/6/7,376.32
2021/6/6,376.32
2021/6/5,376.32
2021/6/4,375.82
2021/6/3,368.74
2021/6/2,372.82
2021/6/1,370.56
2021/5/31,370.56
2021/5/30,370.56
2021/5/29,370.56
2021/5/28,372.08
2021/5/27,371.35
2021/5/26,372.83
2021/5/25,372.09
2021/5/24,372.07
2021/5/23,372.07
2021/5/22,372.07
2021/5/21,365.48
2021/5/20,367.38
2021/5/19,360.37
2021/5/18,359.02
2021/5/17,361.39
2021/5/16,361.39
2021/5/15,361.39
2021/5/14,363.99
2021/5/13,355.77
2021/5/12,351.86
2021/5/11,362.66
2021/5/10,362.79
2021/5/9,362.79
2021/5/8,362.79
2021/5/7,372.54
2021/5/6,369.17
2021/5/5,366.61
2021/5/4,367.67
2021/5/3,375.35
2021/5/2,375.35
2021/5/1,375.35
2021/4/30,376.63
2021/4/29,382.33
2021/4/28,383.51
2021/4/27,386.65
2021/4/26,387.85
2021/4/25,387.85
2021/4/24,387.85
2021/4/23,384.92
2021/4/22,379.36
2021/4/21,383.06
2021/4/20,378.82
2021/4/19,382.6
2021/4/18,382.6
2021/4/17,382.6
2021/4/16,386.43
2021/4/15,387.13
2021/4/14,380.4
2021/4/13,384.68
2021/4/12,380.73
2021/4/11,380.73
2021/4/10,380.73
2021/4/9,382.09
2021/4/8,378.82
2021/4/7,373.09
2021/4/6,371.76
2021/4/5,372.6
2021/4/4,372.6
2021/4/3,372.6
2021/4/2,372.6
2021/4/1,365.98
2021/3/31,358.37
2021/3/30,352.29
2021/3/29,354.62
2021/3/28,354.62
2021/3/27,354.62
2021/3/26,357.94
2021/3/25,349.8
2021/3/24,349.88
2021/3/23,355.25
2021/3/22,358.04
2021/3/21,358.04
2021/3/20,358.04
2021/3/19,351.59
2021/3/18,351.67
2021/3/17,363.13
2021/3/16,363.21
2021/3/15,361.32
2021/3/14,361.32
2021/3/13,361.32
2021/3/12,356.82
2021/3/11,359.68
2021/3/10,350.83
2021/3/9,352.23
2021/3/8,339.18
2021/3/7,339.18
2021/3/6,339.18
2021/3/5,354.06
2021/3/4,342.71
2021/3/3,351.79
2021/3/2,361.76
2021/3/1,368.52
2021/2/28,368.52
2021/2/27,368.52
2021/2/26,356.88
2021/2/25,354.17
2021/2/24,367.81
2021/2/23,362.78
2021/2/22,364.46
2021/2/21,364.46
2021/2/20,364.46
2021/2/19,373.72
2021/2/18,373.15
2021/2/17,374.96
2021/2/16,379.17
2021/2/15,379.17
2021/2/14,379.17
2021/2/13,379.17
2021/2/12,380.57
2021/2/11,378.59
2021/2/10,374.29
2021/2/9,374.93
2021/2/8,374.94
2021/2/7,374.94
2021/2/6,374.94
2021/2/5,370.76
2021/2/4,370.5
2021/2/3,364.56
2021/2/2,365.77
2021/2/1,360.22
2021/1/31,360.22
2021/1/30,360.22
2021/1/29,351.29
2021/1/28,359.56
2021/1/27,357.7
2021/1/26,365.22
2021/1/25,366.28
2021/1/24,366.28
2021/1/23,366.28
2021/1/22,363.98
2021/1/21,364.52
2021/1/20,360.78
2021/1/19,354.06
2021/1/18,354.06
2021/1/17,354.06
2021/1/16,354.06
2021/1/15,353.36
2021/1/14,353.36
2021/1/13,355.56
2021/1/12,353.88
2021/1/11,354.24
2021/1/10,354.24
2021/1/9,354.24
2021/1/8,357.56
2021/1/7,354.76
2021/1/6,345.06
2021/1/5,350.76
2021/1/4,347.94
2021/1/3,347.94
2021/1/2,347.94
2021/1/1,347.94
2020/12/31,354.13
2020/12/30,353.3
2020/12/29,352.75
2020/12/28,355.25
2020/12/27,355.25
2020/12/26,355.25
2020/12/25,355.25
2020/12/24,352.79
2020/12/23,350.48
2020/12/22,353.64
2020/12/21,350.01
2020/12/20,350.01
2020/12/19,350.01
2020/12/18,349.79
2020/12/17,349.9
2020/12/16,347.25
2020/12/15,344.89
2020/12/14,339.4
2020/12/13,339.4
2020/12/12,339.4
2020/12/11,337.87
2020/12/10,338.5
2020/12/9,336.97
2020/12/8,344.26
2020/12/7,342.61
2020/12/6,342.61
2020/12/5,342.61
2020/12/4,341.6
2020/12/3,337.88
2020/12/2,337.77
2020/12/1,338.38
2020/11/30,335.43
2020/11/29,335.43
2020/11/28,335.43
2020/11/27,333.84
2020/11/26,333.84
2020/11/25,330.67
2020/11/24,329.17
2020/11/23,325.55
2020/11/22,325.55
2020/11/21,325.55
2020/11/20,324.96
2020/11/19,327.8
2020/11/18,324.22
2020/11/17,327.49
2020/11/16,328.48
2020/11/15,328.48
2020/11/14,328.48
2020/11/13,325.3
2020/11/12,322.75
2020/11/11,325.65
2020/11/10,317.56
2020/11/9,323.68
2020/11/8,323.68
2020/11/7,323.68
2020/11/6,327.52
2020/11/5,326.29
2020/11/4,316.14
2020/11/3,304.2
2020/11/2,298.39
2020/11/1,298.39
2020/10/31,298.39
2020/10/30,298.09
2020/10/29,305.24
2020/10/28,300.27
2020/10/27,313.13
2020/10/26,311.79
2020/10/25,311.79
2020/10/24,311.79
2020/10/23,318.56
2020/10/22,318.73
2020/10/21,319.92
2020/10/20,321.19
2020/10/19,320.44
2020/10/18,320.44
2020/10/17,320.44
2020/10/16,325.87
2020/10/15,326.64
2020/10/14,327.85
2020/10/13,329.92
2020/10/12,331.47
2020/10/11,331.47
2020/10/10,331.47
2020/10/9,323.27
2020/10/8,318.18
2020/10/7,316.75
2020/10/6,310.75
2020/10/5,315.06
2020/10/4,315.06
2020/10/3,315.06
2020/10/2,307.85
2020/10/1,315.35
2020/9/30,311.56
2020/9/29,309.13
2020/9/28,309.77
2020/9/27,309.77
2020/9/26,309.77
2020/9/25,304.25
2020/9/24,296.94
2020/9/23,295.7
2020/9/22,305.15
2020/9/21,300.09
2020/9/20,300.09
2020/9/19,300.09
2020/9/18,297.51
2020/9/17,302.01
2020/9/16,304.52
2020/9/15,308.99
2020/9/14,305.81
2020/9/13,305.81
2020/9/12,305.81
2020/9/11,299.73
2020/9/10,302.48
2020/9/9,309.29
2020/9/8,299.31
2020/9/7,299.31
2020/9/6,299.31
2020/9/5,299.31
2020/9/4,313.54
2020/9/3,318.75
2020/9/2,338.67
2020/9/1,336.25
2020/8/31,328.81
2020/8/30,328.81
2020/8/29,328.81
2020/8/28,327.2
2020/8/27,323.99
2020/8/26,324.2
2020/8/25,317.86
2020/8/24,316.15
2020/8/23,316.15
2020/8/22,316.15
2020/8/21,313.77
2020/8/20,310.39
2020/8/19,306.41
2020/8/18,306.82
2020/8/17,305.85
2020/8/16,305.85
2020/8/15,305.85
2020/8/14,303.41
2020/8/13,303.92
2020/8/12,303.29
2020/8/11,296.89
2020/8/10,302.02
2020/8/9,302.02
2020/8/8,302.02
2020/8/7,303.2
2020/8/6,308.16
2020/8/5,304.58
2020/8/4,303.11
2020/8/3,302.25
2020/8/2,302.25
2020/8/1,302.25
2020/7/31,295.25
2020/7/30,288.43
2020/7/29,286.91
2020/7/28,282.24
2020/7/27,285.73
2020/7/26,285.73
2020/7/25,285.73
2020/7/24,280.96
2020/7/23,284.62
2020/7/22,291.71
2020/7/21,289.53
2020/7/20,292.52
2020/7/19,292.52
2020/7/18,292.52
2020/7/17,284.95
2020/7/16,283.15
2020/7/15,286.67
2020/7/14,285.01
2020/7/13,281.32
2020/7/12,281.32
2020/7/11,281.32
2020/7/10,288.48
2020/7/9,288.66
2020/7/8,287.52
2020/7/7,282.34
2020/7/6,285.56
2020/7/5,285.56
2020/7/4,285.56
2020/7/3,285.56
2020/7/2,280.75
2020/7/1,279.25
2020/6/30,278.77
2020/6/29,277.14
2020/6/28,277.14
2020/6/27,277.14
2020/6/26,270.88
2020/6/25,276.31
2020/6/24,272.19
2020/6/23,278.84
2020/6/22,277.14
2020/6/21,277.14
2020/6/20,277.14
2020/6/19,272.76
2020/6/18,274.63
2020/6/17,273.12
2020/6/16,272.98
2020/6/15,267.4
2020/6/14,267.4
2020/6/13,267.4
2020/6/12,264.46
2020/6/11,260.87
2020/6/10,276.98
2020/6/9,272.89
2020/6/8,272.12
2020/6/7,272.12
2020/6/6,272.12
2020/6/5,270.74
2020/6/4,263.9
2020/6/3,266.62
2020/6/2,264.13
2020/6/1,261.7
2020/5/31,261.7
2020/5/30,261.7
2020/5/29,261.54
2020/5/28,257.68
2020/5/27,258.25
2020/5/26,256.79
2020/5/25,256.79
2020/5/24,256.79
2020/5/23,256.79
2020/5/22,256.79
2020/5/21,255.24
2020/5/20,258.68
2020/5/19,252.94
2020/5/18,253.66
2020/5/17,253.66
2020/5/16,253.66
2020/5/15,247.61
2020/5/14,246.42
2020/5/13,243.66
2020/5/12,247.91
2020/5/11,253.31
2020/5/10,253.31
2020/5/9,253.31
2020/5/8,251.59
2020/5/7,247.71
2020/5/6,243.49
2020/5/5,241.55
2020/5/4,238.06
2020/5/3,238.06
2020/5/2,238.06
2020/5/1,234.81
2020/4/30,241.93
2020/4/29,243.54
2020/4/28,233.45
2020/4/27,236.5
2020/4/26,236.5
2020/4/25,236.5
2020/4/24,233.79
2020/4/23,229.4
2020/4/22,230.59
2020/4/21,222.15
2020/4/20,231.67
2020/4/19,231.67
2020/4/18,231.67
2020/4/17,235.4
2020/4/16,232.03
2020/4/15,229.35
2020/4/14,234.47
2020/4/13,225.23
2020/4/12,225.23
2020/4/11,225.23
2020/4/10,225.23
2020/4/9,224.77
2020/4/8,224.32
2020/4/7,217.92
2020/4/6,220.04
2020/4/5,220.04
2020/4/4,220.04
2020/4/3,202.44
2020/4/2,206
2020/4/1,202
2020/3/31,211.94
2020/3/30,215.84
2020/3/29,215.84
2020/3/28,215.84
2020/3/27,207.75
2020/3/26,217.57
2020/3/25,204.55
2020/3/24,204.62
2020/3/23,186.21
2020/3/22,186.21
2020/3/21,186.21
2020/3/20,187.36
2020/3/19,195.19
2020/3/18,194.26
2020/3/17,202.24
2020/3/16,190.19
2020/3/15,190.19
2020/3/14,190.19
2020/3/13,219.88
2020/3/12,197.84
2020/3/11,219.27
2020/3/10,230.22
2020/3/9,217.81
2020/3/8,217.81
2020/3/7,217.81
2020/3/6,235.71
2020/3/5,241.19
2020/3/4,248.81
2020/3/3,238.84
2020/3/2,247.94
2020/3/1,247.94
2020/2/29,247.94
2020/2/28,235.33
2020/2/27,233.89
2020/2/26,246.47
2020/2/25,245.71
2020/2/24,253.85
2020/2/23,253.85
2020/2/22,253.85
2020/2/21,264.63
2020/2/20,270.73
2020/2/19,273.25
2020/2/18,270.19
2020/2/17,270.19
2020/2/16,270.19
2020/2/15,270.19
2020/2/14,271.25
2020/2/13,270.05
2020/2/12,270.63
2020/2/11,267.76
2020/2/10,268.26
2020/2/9,268.26
2020/2/8,268.26
2020/2/7,264.94
2020/2/6,267.46
2020/2/5,265.31
2020/2/4,264.18
2020/2/3,257.4
2020/2/2,257.4
2020/2/1,257.4
2020/1/31,254.13
2020/1/30,261.24
2020/1/29,259.17
2020/1/28,258.86
2020/1/27,254.22
2020/1/26,254.22
2020/1/25,254.22
2020/1/24,260.32
2020/1/23,261.6
2020/1/22,260.4
2020/1/21,259.25
2020/1/20,259.25
2020/1/19,259.25
2020/1/18,259.25
2020/1/17,259.62
2020/1/16,258.13
2020/1/15,254.66
2020/1/14,254.41
2020/1/13,255.84
2020/1/12,255.84
2020/1/11,255.84
2020/1/10,252.35
2020/1/9,252.83
2020/1/8,250.06
2020/1/7,247.44
2020/1/6,247.59
2020/1/5,247.59
2020/1/4,247.59
2020/1/3,247.1
2020/1/2,249.29
2020/1/1,249.29
2019/12/31,244.94
2019/12/30,244.11
2019/12/29,244.11
2019/12/28,244.11
2019/12/27,245.56
2019/12/26,245.69
2019/12/25,245.69
2019/12/24,243.89
2019/12/23,243.81
2019/12/22,243.81
2019/12/21,243.81
2019/12/20,242.99
2019/12/19,241.71
2019/12/18,240.06
2019/12/17,240
2019/12/16,240.46
2019/12/15,240.46
2019/12/14,240.46
2019/12/13,238.96
2019/12/12,237.5
2019/12/11,235.16
2019/12/10,233.59
2019/12/9,233.63
2019/12/8,233.63
2019/12/7,233.63
2019/12/6,234.91
2019/12/5,232.35
2019/12/4,231.63
2019/12/3,230.87
2019/12/2,232.86
2019/12/1,232.86
2019/11/30,232.86
2019/11/29,236.43
2019/11/28,236.43
2019/11/27,237.07
2019/11/26,235.85
2019/11/25,235.58
2019/11/24,235.58
2019/11/23,235.58
2019/11/22,232.1
2019/11/21,232.34
2019/11/20,233.24
2019/11/19,234.74
2019/11/18,233.92
2019/11/17,233.92
2019/11/16,233.92
2019/11/15,233.38
2019/11/14,231.44
2019/11/13,231.76
2019/11/12,231.24
2019/11/11,230.41
2019/11/10,230.41
2019/11/9,230.41
2019/11/8,230.18
2019/11/7,228.91
2019/11/6,227.15
2019/11/5,227.44
2019/11/4,227.61
2019/11/3,227.61
2019/11/2,227.61
2019/11/1,226.47
2019/10/31,223.67
2019/10/30,224.04
2019/10/29,222.45
2019/10/28,224.26
2019/10/27,224.26
2019/10/26,224.26
2019/10/25,221.57
2019/10/24,219
2019/10/23,215.75
2019/10/22,215.63
2019/10/21,218.58
2019/10/20,218.58
2019/10/19,218.58
2019/10/18,216.4
2019/10/17,218.6
2019/10/16,218.79
2019/10/15,220.82
2019/10/14,218.44
2019/10/13,218.44
2019/10/12,218.44
2019/10/11,218.64
2019/10/10,215.18
2019/10/9,214
2019/10/8,211.03
2019/10/7,215.16
2019/10/6,215.16
2019/10/5,215.16
2019/10/4,215.94
2019/10/3,212.29
2019/10/2,209.57
2019/10/1,213.54
2019/9/30,215.56
2019/9/29,215.56
2019/9/28,215.56
2019/9/27,213.25
2019/9/26,216.28
2019/9/25,217.09
2019/9/24,214.49
2019/9/23,216.94
2019/9/22,216.94
2019/9/21,216.94
2019/9/20,216.39
2019/9/19,218.62
2019/9/18,218.18
2019/9/17,218.18
2019/9/16,217.42
2019/9/15,217.42
2019/9/14,217.42
2019/9/13,217.56
2019/9/12,219.17
2019/9/11,218.08
2019/9/10,215.72
2019/9/9,216.9
2019/9/8,216.9
2019/9/7,216.9
2019/9/6,218.63
2019/9/5,218.88
2019/9/4,214.46
2019/9/3,211
2019/9/2,211
2019/9/1,211
2019/8/31,211
2019/8/30,213.51
2019/8/29,213.63
2019/8/28,210.01
2019/8/27,209.91
2019/8/26,210.38
2019/8/25,210.38
2019/8/24,210.38
2019/8/23,207.81
2019/8/22,214.62
2019/8/21,215.17
2019/8/20,212.6
2019/8/19,213.56
2019/8/18,213.56
2019/8/17,213.56
2019/8/16,210.57
2019/8/15,206.65
2019/8/14,207.13
2019/8/13,213.68
2019/8/12,208.79
2019/8/11,208.79
2019/8/10,208.79
2019/8/9,211.5
2019/8/8,213.99
2019/8/7,208.75
2019/8/6,207.42
2019/8/5,204.33
2019/8/4,204.33
2019/8/3,204.33
2019/8/2,213.12
2019/8/1,217.22
2019/7/31,218.41
2019/7/30,221.53
2019/7/29,222.9
2019/7/28,222.9
2019/7/27,222.9
2019/7/26,223.25
2019/7/25,221.66
2019/7/24,223.33
2019/7/23,221.19
2019/7/22,220.03
2019/7/21,220.03
2019/7/20,220.03
2019/7/19,217.54
2019/7/18,218.84
2019/7/17,217.47
2019/7/16,217.72
2019/7/15,219.65
2019/7/14,219.65
2019/7/13,219.65
2019/7/12,219.05
2019/7/11,217.31
2019/7/10,216.67
2019/7/9,215.09
2019/7/8,214.13
2019/7/7,214.13
2019/7/6,214.13
2019/7/5,215.84
2019/7/4,215.84
2019/7/3,216.06
2019/7/2,214.48
2019/7/1,213.95
2019/6/30,213.95
2019/6/29,213.95
2019/6/28,210.88
2019/6/27,210.49
2019/6/26,209.57
2019/6/25,207.52
2019/6/24,211.23
2019/6/23,211.23
2019/6/22,211.23
2019/6/21,211.38
2019/6/20,213.31
2019/6/19,210.38
2019/6/18,209.17
2019/6/17,205.62
2019/6/16,205.62
2019/6/15,205.62
2019/6/14,205.37
2019/6/13,207.31
2019/6/12,206.54
2019/6/11,207.63
2019/6/10,207.88
2019/6/9,207.88
2019/6/8,207.88
2019/6/7,205.69
2019/6/6,201.94
2019/6/5,199.84
2019/6/4,197.36
2019/6/3,190.87
2019/6/2,190.87
2019/6/1,190.87
2019/5/31,194.53
2019/5/30,197.67
2019/5/29,196.69
2019/5/28,197.97
2019/5/27,197.97
2019/5/26,197.97
2019/5/25,197.97
2019/5/24,198.31
2019/5/23,198.31
2019/5/22,202.01
2019/5/21,203.07
2019/5/20,200.5
2019/5/19,200.5
2019/5/18,200.5
2019/5/17,204.09
2019/5/16,205.97
2019/5/15,203.99
2019/5/14,201.81
2019/5/13,198.53
2019/5/12,198.53
2019/5/11,198.53
2019/5/10,206.43
2019/5/9,205.98
2019/5/8,207.33
2019/5/7,207.72
2019/5/6,212.24
2019/5/5,212.24
2019/5/4,212.24
2019/5/3,213.75
2019/5/2,211.6
2019/5/1,212.67
2019/4/30,213.53
2019/4/29,213.04
2019/4/28,213.04
2019/4/27,213.04
2019/4/26,212.88
2019/4/25,213.34
2019/4/24,213.57
2019/4/23,213.47
2019/4/22,211.01
2019/4/21,211.01
2019/4/20,211.01
2019/4/19,211.01
2019/4/18,210.38
2019/4/17,210.04
2019/4/16,209.28
2019/4/15,208.31
2019/4/14,208.31
2019/4/13,208.31
2019/4/12,208.38
2019/4/11,207.07
2019/4/10,207.11
2019/4/9,205.48
2019/4/8,206.44
2019/4/7,206.44
2019/4/6,206.44
2019/4/5,205.65
2019/4/4,204.63
2019/4/3,205.75
2019/4/2,204.09
2019/4/1,203.45
2019/3/31,203.45
2019/3/30,203.45
2019/3/29,200.62
2019/3/28,198.66
2019/3/27,197.78
2019/3/26,199.06
2019/3/25,197.91
2019/3/24,197.91
2019/3/23,197.91
2019/3/22,198.66
2019/3/21,203.73
2019/3/20,199.45
2019/3/19,200.09
2019/3/18,199.6
2019/3/17,199.6
2019/3/16,199.6
2019/3/15,198.81
2019/3/14,196.68
2019/3/13,196.19
2019/3/12,195.04
2019/3/11,194.07
2019/3/10,194.07
2019/3/9,194.07
2019/3/8,189.97
2019/3/7,189.94
2019/3/6,191.59
2019/3/5,192.85
2019/3/4,193.41
2019/3/3,193.41
2019/3/2,193.41
2019/3/1,194.56
2019/2/28,193.28
2019/2/27,193.97
2019/2/26,193.91
2019/2/25,193.73
2019/2/24,193.73
2019/2/23,193.73
2019/2/22,192.7
2019/2/21,190.13
2019/2/20,190.17
2019/2/19,189.91
2019/2/18,189.91
2019/2/17,189.91
2019/2/16,189.91
2019/2/15,189.82
2019/2/14,188.37
2019/2/13,187.94
2019/2/12,187.72
2019/2/11,185.23
2019/2/10,185.23
2019/2/9,185.23
2019/2/8,184.99
2019/2/7,183.84
2019/2/6,186.31
2019/2/5,185.71
2019/2/4,184.09
2019/2/3,184.09
2019/2/2,184.09
2019/2/1,181.4
2019/1/31,180.23
2019/1/30,179.78
2019/1/29,174.76
2019/1/28,176.53
2019/1/27,176.53
2019/1/26,176.53
2019/1/25,178.76
2019/1/24,176.09
2019/1/23,174.24
2019/1/22,173.67
2019/1/21,173.67
2019/1/20,173.67
2019/1/19,173.67
2019/1/18,176.79
2019/1/17,174.07
2019/1/16,172.82
2019/1/15,172.63
2019/1/14,170.18
2019/1/13,170.18
2019/1/12,170.18
2019/1/11,171.82
2019/1/10,172.05
2019/1/9,171.18
2019/1/8,168.98
2019/1/7,167.39
2019/1/6,167.39
2019/1/5,167.39
2019/1/4,165.63
2019/1/3,158.6
2019/1/2,166.88
2019/1/1,166.88
2018/12/31,166.74
2018/12/30,166.74
2018/12/29,166.74
2018/12/28,165.32
2018/12/27,165.35
2018/12/26,164.08
2018/12/25,164.08
2018/12/24,155.21
2018/12/23,155.21
2018/12/22,155.21
2018/12/21,158.89
2018/12/20,163.94
2018/12/19,167.12
2018/12/18,170.28
2018/12/17,168.82
2018/12/16,168.82
2018/12/15,168.82
2018/12/14,172.9
2018/12/13,177.09
2018/12/12,177.67
2018/12/11,176.13
2018/12/10,176.04
2018/12/9,176.04
2018/12/8,176.04
2018/12/7,173.68
2018/12/6,179.74
2018/12/5,179.74
2018/12/4,179.32
2018/12/3,186.47
2018/12/2,186.47
2018/12/1,186.47
2018/11/30,182.72
2018/11/29,180.83
2018/11/28,182.31
2018/11/27,176.14
2018/11/26,176.01
2018/11/25,176.01
2018/11/24,176.01
2018/11/23,172.28
2018/11/22,172.28
2018/11/21,173.47
2018/11/20,172.13
2018/11/19,175.57
2018/11/18,175.57
2018/11/17,175.57
2018/11/16,182.73
2018/11/15,182.97
2018/11/14,178.51
2018/11/13,180.63
2018/11/12,180.32
2018/11/11,180.32
2018/11/10,180.32
2018/11/9,186.88
2018/11/8,190.1
2018/11/7,190.5
2018/11/6,185.22
2018/11/5,184.03
2018/11/4,184.03
2018/11/3,184.03
2018/11/2,184.29
2018/11/1,188.01
2018/10/31,185.31
2018/10/30,181.05
2018/10/29,178.5
2018/10/28,178.5
2018/10/27,178.5
2018/10/26,181.53
2018/10/25,185.47
2018/10/24,179.57
2018/10/23,188.11
2018/10/22,188.87
2018/10/21,188.87
2018/10/20,188.87
2018/10/19,187.32
2018/10/18,187.67
2018/10/17,191.62
2018/10/16,192.49
2018/10/15,186.6
2018/10/14,186.6
2018/10/13,186.6
2018/10/12,189.31
2018/10/11,183.73
2018/10/10,186.17
2018/10/9,195.25
2018/10/8,194.84
2018/10/7,194.84
2018/10/6,194.84
2018/10/5,197.27
2018/10/4,199.91
2018/10/3,203.49
2018/10/2,202.72
2018/10/1,203.02
2018/9/30,203.02
2018/9/29,203.02
2018/9/28,202.53
2018/9/27,201.74
2018/9/26,200.54
2018/9/25,201.63
2018/9/24,201.62
2018/9/23,201.62
2018/9/22,201.62
2018/9/21,201.44
2018/9/20,201.83
2018/9/19,199.6
2018/9/18,200.68
2018/9/17,199.29
2018/9/16,199.29
2018/9/15,199.29
2018/9/14,202.25
2018/9/13,202.15
2018/9/12,199.83
2018/9/11,200.22
2018/9/10,199.03
2018/9/9,199.03
2018/9/8,199.03
2018/9/7,198.19
2018/9/6,198.85
2018/9/5,199.87
2018/9/4,203.13
2018/9/3,203.13
2018/9/2,203.13
2018/9/1,203.13
2018/8/31,202.81
2018/8/30,201.72
2018/8/29,202.24
2018/8/28,200.27
2018/8/27,199.37
2018/8/26,199.37
2018/8/25,199.37
2018/8/24,197.83
2018/8/23,195.55
2018/8/22,194.98
2018/8/21,194.03
2018/8/20,193.47
2018/8/19,193.47
2018/8/18,193.47
2018/8/17,193.65
2018/8/16,193.03
2018/8/15,191.85
2018/8/14,193.53
2018/8/13,192.34
2018/8/12,192.34
2018/8/11,192.34
2018/8/10,192.72
2018/8/9,194
2018/8/8,193.73
2018/8/7,193.37
2018/8/6,192.57
2018/8/5,192.57
2018/8/4,192.57
2018/8/3,191.51
2018/8/2,191.12
2018/8/1,188.26
2018/7/31,186.19
2018/7/30,185.52
2018/7/29,185.52
2018/7/28,185.52
2018/7/27,189
2018/7/26,192.76
2018/7/25,193.45
2018/7/24,190.66
2018/7/23,190.93
2018/7/22,190.93
2018/7/21,190.93
2018/7/20,190.19
2018/7/19,190.31
2018/7/18,190.56
2018/7/17,190.62
2018/7/16,189.11
2018/7/15,189.11
2018/7/14,189.11
2018/7/13,189.78
2018/7/12,190.04
2018/7/11,186.77
2018/7/10,187.85
2018/7/9,187.44
2018/7/8,187.44
2018/7/7,187.44
2018/7/6,185.81
2018/7/5,183.65
2018/7/4,183.65
2018/7/3,181.24
2018/7/2,183.28
2018/7/1,183.28
2018/6/30,183.28
2018/6/29,181.51
2018/6/28,181.31
2018/6/27,179.7
2018/6/26,182.52
2018/6/25,181.61
2018/6/24,181.61
2018/6/23,181.61
2018/6/22,185.75
2018/6/21,186.82
2018/6/20,188.47
2018/6/19,187.94
2018/6/18,189.31
2018/6/17,189.31
2018/6/16,189.31
2018/6/15,189.03
2018/6/14,189.82
2018/6/13,188.68
2018/6/12,189.12
2018/6/11,187.81
2018/6/10,187.81
2018/6/9,187.81
2018/6/8,187.85
2018/6/7,187.83
2018/6/6,189.97
2018/6/5,188.93
2018/6/4,187.84
2018/6/3,187.84
2018/6/2,187.84
2018/6/1,186.31
2018/5/31,183.04
2018/5/30,183.21
2018/5/29,181.78
2018/5/28,181.78
2018/5/27,181.78
2018/5/26,181.78
2018/5/25,182.94
2018/5/24,182.8
2018/5/23,182.92
2018/5/22,181.5
2018/5/21,182.01
2018/5/20,182.01
2018/5/19,182.01
2018/5/18,180.65
2018/5/17,181.34
2018/5/16,182.14
2018/5/15,181.26
2018/5/14,182.75
2018/5/13,182.75
2018/5/12,182.75
2018/5/11,183.06
2018/5/10,183.58
2018/5/9,181.4
2018/5/8,179.04
2018/5/7,178.37
2018/5/6,178.37
2018/5/5,178.37
2018/5/4,176.85
2018/5/3,173.6
2018/5/2,173.13
2018/5/1,173.12
2018/4/30,171
2018/4/29,171
2018/4/28,171
2018/4/27,171.65
2018/4/26,172.43
2018/4/25,168.9
2018/4/24,169.19
2018/4/23,172.41
2018/4/22,172.41
2018/4/21,172.41
2018/4/20,173.18
2018/4/19,175.64
2018/4/18,177.78
2018/4/17,178.04
2018/4/16,174.39
2018/4/15,174.39
2018/4/14,174.39
2018/4/13,173.2
2018/4/12,173.92
2018/4/11,171.7
2018/4/10,172.44
2018/4/9,168.28
2018/4/8,168.28
2018/4/7,168.28
2018/4/6,167.13
2018/4/5,171.4
2018/4/4,170.67
2018/4/3,168.38
2018/4/2,166.63
2018/4/1,166.63
2018/3/31,166.63
2018/3/30,166.63
2018/3/29,171.1
2018/3/28,167.45
2018/3/27,169.09
2018/3/26,175
2018/3/25,175
2018/3/24,175
2018/3/23,168.72
2018/3/22,173.22
2018/3/21,178.03
2018/3/20,178.77
2018/3/19,178.64
2018/3/18,178.64
2018/3/17,178.64
2018/3/16,182.21
2018/3/15,182.87
2018/3/14,182.68
2018/3/13,182.81
2018/3/12,184.96
2018/3/11,184.96
2018/3/10,184.96
2018/3/9,184.24
2018/3/8,180.75
2018/3/7,179.97
2018/3/6,178.89
2018/3/5,178.29
2018/3/4,178.29
2018/3/3,178.29
2018/3/2,176.44
2018/3/1,174.53
2018/2/28,177.47
2018/2/27,178.56
2018/2/26,180.15
2018/2/25,180.15
2018/2/24,180.15
2018/2/23,177.47
2018/2/22,174
2018/2/21,173.89
2018/2/20,174.82
2018/2/19,174.82
2018/2/18,174.82
2018/2/17,174.82
2018/2/16,174.32
2018/2/15,174.67
2018/2/14,171.47
2018/2/13,168.09
2018/2/12,167.38
2018/2/11,167.38
2018/2/10,167.38
2018/2/9,164.32
2018/2/8,160.86
2018/2/7,167.65
2018/2/6,169.45
2018/2/5,165.46
2018/2/4,165.46
2018/2/3,165.46
2018/2/2,172.11
2018/2/1,177.1
2018/1/31,177.14
2018/1/30,175.94
2018/1/29,177.78
2018/1/28,177.78
2018/1/27,177.78
2018/1/26,179.18
2018/1/25,176.43
2018/1/24,176.78
2018/1/23,178.4
2018/1/22,177.27
2018/1/21,177.27
2018/1/20,177.27
2018/1/19,175.94
2018/1/18,175.59
2018/1/17,175.24
2018/1/16,172.66
2018/1/15,172.66
2018/1/14,172.66
2018/1/13,172.66
2018/1/12,173.42
2018/1/11,172.38
2018/1/10,171.36
2018/1/9,171.84
2018/1/8,172.34
2018/1/7,172.34
2018/1/6,172.34
2018/1/5,171.54
2018/1/4,169.69
2018/1/3,168.74
2018/1/2,166.93
2018/1/1,166.93
2017/12/31,166.93
2017/12/30,166.93
2017/12/29,164.68
2017/12/28,165.6
2017/12/27,165.4
2017/12/26,165.17
2017/12/25,165.17
2017/12/24,165.17
2017/12/23,165.17
2017/12/22,166.34
2017/12/21,166.57
2017/12/20,166.97
2017/12/19,167.1
2017/12/18,168.07
2017/12/17,168.07
2017/12/16,168.07
2017/12/15,166.47
2017/12/14,164.56
2017/12/13,165.15
2017/12/12,164.91
2017/12/11,165.38
2017/12/10,165.38
2017/12/9,165.38
2017/12/8,164.07
2017/12/7,163.44
2017/12/6,162.31
2017/12/5,161.31
2017/12/4,161.01
2017/12/3,161.01
2017/12/2,161.01
2017/12/1,164.1
2017/11/30,165.13
2017/11/29,163.66
2017/11/28,167.97
2017/11/27,167.6
2017/11/26,167.6
2017/11/25,167.6
2017/11/24,167.79
2017/11/23,167.79
2017/11/22,166.81
2017/11/21,167.25
2017/11/20,165.25
2017/11/19,165.25
2017/11/18,165.25
2017/11/17,164.63
2017/11/16,165.43
2017/11/15,163.22
2017/11/14,164.49
2017/11/13,164.71
2017/11/12,164.71
2017/11/11,164.71
2017/11/10,164.78
2017/11/9,164.69
2017/11/8,166.19
2017/11/7,165.22
2017/11/6,165.28
2017/11/5,165.28
2017/11/4,165.28
2017/11/3,164.57
2017/11/2,163.28
2017/11/1,163.13
2017/10/31,163.28
2017/10/30,162.53
2017/10/29,162.53
2017/10/28,162.53
2017/10/27,162
2017/10/26,157.93
2017/10/25,157.29
2017/10/24,157.86
2017/10/23,157.37
2017/10/22,157.37
2017/10/21,157.37
2017/10/20,157.89
2017/10/19,156.85
2017/10/18,157.39
2017/10/17,156.88
2017/10/16,156.94
2017/10/15,156.94
2017/10/14,156.94
2017/10/13,156.53
2017/10/12,155.81
2017/10/11,155.71
2017/10/10,155.03
